Name,Value
upday - Headlines & Daily News,de.axelspringer.yana
"Flipboard - Latest News, Top Stories & Lifestyle",flipboard.app
Weather & Radar USA - Snow radar and alerts,de.wetteronline.wetterapp
Kik,kik.android
upday for Samsung - Zeropage,de.axelspringer.yana.zeropage
BBC News,bbc.mobile.news.ww
Forza Football - Live soccer scores,se.footballaddicts.livescore
Met Office Weather Forecast,uk.gov.metoffice.weather.android
OneFootball - Soccer Scores,de.motain.iliga
,allthingstarget.com
,misshomemade.com
,breedingbusiness.com
,recipeswithessentialoils.com
,carriebradshawlied.com
,cohesivehomes.com
,financeformulas.net
,bengalswire.usatoday.com
,build-basic.com
,woodworkingtrade.com
,spy.com
,coopcancook.com
,corriecooks.com
,offbeatwed.com
,mayihavethatrecipe.com
,sewguide.com
,aquiltinglife.com
,effortlessgent.com
,wholesomemadeeasy.com
,landscapemagazine.co.uk
,deliacreates.com
,relationshipculture.com
,foodtasticmom.com
,thecottagemarket.com
,aglassofbovino.com
,burnhamandhighbridgeweeklynews.co.uk
,menhairstylesworld.com
,emmymade.com
,hemeltoday.co.uk
,surfacetip.com
,nextofwindows.com
,attitude.co.uk
,largsandmillportnews.com
,isixsigma.com
,homestratosphere.com
,valentinascorner.com
,nickishomemadecrafts.com
,sawdust2stitches.com
,ebay.co.uk
,theseasonedmom.com
,dessertswithbenefits.com
,hostthetoast.com
,surreycomet.co.uk
,recipethis.com
,minimalismmadesimple.com
,cookthestory.com
,beyondthebutter.com
,color-meanings.com
,aol.co.uk
,northwichguardian.co.uk
,juststarz.com
,3dsourced.com
,stirlingnews.co.uk
,joyofmotioncrochet.com
,anglingtimes.co.uk
,justsotasty.com
,golf.com
,christinascucina.com
,allthehealthythings.com
,hoopshype.com
,yorkshirepost.co.uk
,noracooks.com
,thenomadvisor.com
,greenhealthycooking.com
,irishamericanmom.com
,shoe-tease.com
,expressandstar.com
,nomadicmatt.com
,livinginashoebox.com
,suggest.com
,uncut.co.uk
,lastminute.com
,247sports.com
,euroweeklynews.com
,au.lifestyle.yahoo.com
,fr.yahoo.com
,guitarnick.com
,errenskitchen.com
,moneyweek.com
,nationalclubgolfer.com
,glamour.com
,sawdustgirl.com
,1dogwoof.com
,copykat.com
,thespruce.com
,hollywoodreporter.com
,readceltic.com
,simply-delicious-food.com
,anandtech.com
,chroniclelive.co.uk
,thecelticstar.com
,njuskalo.hr
,followchain.org
,yours.co.uk
,mojo4music.com
,cookrepublic.com
,gazette-news.co.uk
,moneycontrol.com
,farnhamherald.com
,tech.wp.pl
,thelastfoodblog.com
,touropia.com
,colormadehappy.com
,sportowefakty.wp.pl
,damndelicious.net
,sprinklesandsprouts.com
,digitalcameraworld.com
,wsj.com
,gearpatrol.com
,edition.cnn.com
,headphonesty.com
,tastingtable.com
,jenniferbanz.com
,aol.com
,metropoles.com
,closeronline.co.uk
,energyvoice.com
,gimmedelicious.com
,film.wp.pl
,kimovil.com
,businessinsider.com
,beszamel.se.pl
,thenavagepatch.com
,thisismoney.co.uk
,poczta.wp.pl
,thecafesucrefarine.com
,androidpolice.com
,windowscentral.com
,thewoksoflife.com
,chocolatesandchai.com
,irelandbeforeyoudie.com
,sloughobserver.co.uk
,mybakingaddiction.com
,chewoutloud.com
,stylist.co.uk
,leicestermercury.co.uk
,standard.co.uk
,jamieoliver.com
,givemesport.com
,cineserie.com
,people.com
,rugbypass.com
,pitchfork.com
,forktospoon.com
,howtogeek.com
,luxurylaunches.com
,news.sky.com
,microbenotes.com
,cbssports.com
,cleverclassic.com
,edinburghlive.co.uk
,bestmenscolognes.com
,thespruceeats.com
,what-song.com
,mygorgeousrecipes.com
,independent.co.uk
,tomshardware.com
,barrheadnews.com
,centralfifetimes.com
,yourtango.com
,hellosewing.com
,laughingspatula.com
,au.news.yahoo.com
,ladbible.com
,top100golfcourses.com
,remodelaholic.com
,dailypost.co.uk
,meladorascreations.com
,programme-tv.net
,houseandgarden.co.uk
,sustainablejungle.com
,dailysoapdish.com
,theirishroadtrip.com
,tyla.com
,epicgardening.com
,stocktwits.com
,sallysbakingaddiction.com
,independent.ie
,her.ie
,indiatoday.in
,recipetineats.com
,thereciperebel.com
,creepycatalog.com
,ambitiouskitchen.com
,missmustardseed.com
,vt.co
,ultimaterugby.com
,elavegan.com
,vintagekitchennotes.com
,thetoastedpinenut.com
,sewcanshe.com
,leinsterleader.ie
,yummyaddiction.com
,meaww.com
,gardenerspath.com
,goldderby.com
,mooglyblog.com
,jessicainthekitchen.com
,eatlittlebird.com
,athleticsweekly.com
,hk.yahoo.com
,ballercap.com
,shareably.net
,thetravelexpert.ie
,healthylittlepeach.com
,beautifulwithbrains.com
,happymoneysaver.com
,toptenreviews.com
,thehonoursystem.com
,simpleveganblog.com
,wholesomelicious.com
,lilluna.com
,theplaylist.net
,keviniscooking.com
,younghouselove.com
,campendium.com
,nfl.com
,theconscientiouseater.com
,cumnockchronicle.com
,braintreeandwithamtimes.co.uk
,homesandantiques.com
,slenderkitchen.com
,cravingsofalunatic.com
,crochet365knittoo.com
,thetrendspotter.net
,ledburyreporter.co.uk
,fromhousetohome.com
,worldtimeserver.com
,wimbledonguardian.co.uk
,theforkedspoon.com
,ft.com
,petiteinparis.com
,theblondcook.com
,addsaltandserve.com
,life-in-the-lofthouse.com
,kicking-carbs.com
,thelemonbowl.com
,theskinnyishdish.com
,worldsoccer.com
,apieceofrainbow.com
,homefortheharvest.com
,eppingforestguardian.co.uk
,celebritytoob.com
,theleftrough.com
,wandercooks.com
,funkyjunkinteriors.net
,servedfromscratch.com
,savvysavingcouple.net
,chef-in-training.com
,valyastasteofhome.com
,spiritanddestiny.co.uk
,thestressfreechristmas.com
,amynewnostalgia.com
,mobile-cuisine.com
,theboldabode.com
,thepoke.com
Words With Friends 2 Word Game,1196764367
BOTIM - „Éì„Éá„Ç™ÈÄöË©±ÔºÜ„ÉÜ„Ç≠„Çπ„Éà,1263036818
Spades *,1318181304
Baby Tracker - Newborn Log,779656557
Dodge Agent,1542256628
Coin Sort,6446354191
Card Battle!,dats.games.cardbattle
Solitaire (Classic Card Game),1454538656
Solitaire - Classic Card Game,1209986063
Sudoku: Sudoku Puzzle Games,sudoku.puzzle.free.game.brain
Pull the Pin,1496150467
RSVP Live,1441970120
‚ãÜSudoku,418044512
Wood Block Sudoku Game -Classic Free Brain Puzzle,block.puzzle.sudoku.free.game.classic.offline
Daily Themed Crossword - A Fun crossword game,in.crossy.daily_crossword
Hidden Object Games - Find It,hidden.objects.find.it.out.seek.puzzle.games.free
Jigsaw Puzzles - HD Puzzle Games,jigsaw.puzzle.free.games
Word Connect - Words of Nature,word.connect.free
Hey Color: Paint by Number Art,1445135380
Bubble Shooter! Extreme,bubble.shooter.exxtreme
Hill Climb Racing,564540143
Bud Farm: Idle Tycoon Game,1445219537
Math Puzzle Games - Cross Math,math.puzzle.games.crossmath.number.puzzles.free
Bubble Shooter,bubbleshooter.orig
Kryss - The Battle of Words,app.kryds.android
Sudoku - Daily Puzzles,1605842465
Block Puzzle 100,972013240
Dublin Live,ie.dublinlive
Mini Market,1522440978
Nut n Bolt Sort: Color Puzzle,6502284853
Tile Club - Matching Game,1640075364
Snake Clash!,io.supercent.linkedcubic
State.io,io.state.fight
Word Bingo - Fun Word Games for Free,in.playsimple.wordbingo
Vinted,fr.vinted
States Builder: Trade Empire,games.resourcer.hex
Jigsaw Puzzle Collection HD,642831690
Number Match - Numbers game,1545567989
Jigsaw Puzzles - Puzzle Games,1324604053
GMX - Mail & Cloud,de.gmx.mobile.android.mail
Wordscapes Search,1420294918
Stealth Master: Assassin Ninja,1518389230
"L'√âquipe - Sport en direct : foot, tennis, rugby..",lequipe.fr
Spider Solitaire ‚Äì Card Games,1619320898
Episode - Choose Your Story,656971078
Candy Crush Soda Saga,850417475
Podcast Player - Castbox,fm.castbox.audiobook.radio.podcast
Jigsaw Puzzles - Classic Game,jigsaw.puzzle.game.banana
FreeCell ‚ñª Solitaire,500964912
Daily Record App,587421154
Crossword Jam - Fun Word Games,in.playsimple.tripcross
Found It! Hidden Object Game,1643547847
Hidden Objects - The Journey,games.taplab.thejourney
Hole.io,io.voodoo.holeio
Cars Arena: Fast Race 3D,racearena.io
Color Fill 3D,1473024868
Prison Life: Idle Game,io.supercent.prison
Get Color - Water Sort Puzzle,1569776448
The Wall Street Journal.,364387007
Satisdom,6480585904
Rescue Machine!,1517006344
Podcast Player - Castbox,1243410543
Find the Alien,net.wyvernware.whosthealien
Killer Sudoku by Sudoku.com,1505735640
Kik Messaging & Chat App,357218860
Candy Crush Saga,553834731
Word Search Explorer: Fun Game,in.playsimple.wordsearch
Microsoft Outlook,951937596
Tap Color Pro: Color By Number,coloring.color.number.happy.paint.art.drawing.puzzle
Zoo - Happy Animals,su.canoe.zoo.elephant
Jigsaw Puzzles: Classic Jigsaw,1510189987
Wordscapes,1207472156
"Sky News: Breaking, UK & World",316391924
Irish Mirror,814340788
Word Search: Evolution of mind,1197961218
Magic Jigsaw Puzzles,439873467
Slap And Run,1591587100
Colorwood Sort Puzzle Game,games.burny.color.sort.woody.puzzle
Burger Please!,io.supercent.burgeridle
Viber Messenger: Chats & Calls,382617920
Daily Express,419139113
Bus Simulator: Original,959865119
N.E.X.T.B.O.T.S.,1268267133
Wattpad - Read & Write Stories,wp.wattpad
Bitcoin Blast - Earn REAL Bitcoin!,app.getloaded.bitcoinblast
2 Player Games : the Challenge,1465731199
Word Search Explorer: Fun Game,1602508478
Yahoo Mail - Organized Email,577586159
Genius: Song Lyrics & More,709482991
Watermelon Drop: Fruit Merge,6471572249
Playground Mod,6477358134
FlashScore - live scores,766443283
Moovit: All Transit Options,498477945
Solitaire Card Game Classic,1334311990
Art Puzzle - Jigsaw Coloring,1519174001
Blued: Gay Live Chat & Dating,1090274263
Snake Clash!,6449243946
myTuner Radio - Live Stations,520502858
Vinted: Sell vintage clothing,632064380
Color by Number Oil Painting,1439776386
Pizza Ready!,io.supercent.pizzaidle
Pixel Art - Color by Number,1274972321
Sky Sports,500102120
DOP 5: Delete One Part,1665861079
Find Differences Search & Spot,1579287385
FotMob - Soccer Scores,488575683
Pizza Ready!,6450917563
Sennik.biz,sennik.biz
Dominoes: Board Game,1492160489
2248 Puzzle,1487607878
Offline Games - No Wifi Games,6448104157
Tile Dynasty: Triple Mahjong,6499129174
Tinder,547702041
Sudoku.com - Number Games,1193508329
OneFootball - Soccer News,382002079
MyFitnessPal: Calorie Counter,341232718
Block Blast Adventure Master,1617391485
LiveScore: Live Sports Scores,356928178
Tower War - Tactical Conquest,1579356887
Hexa Sort,6463127238
Hidden Objects - The Journey,1673457778
Happy Color¬Æ ‚Äì Paint by Number,1407852246
Blockscapes - Block Puzzle,1473836342
Letterboxd,1054271011
Radio Ireland - FM Radio,radio.player.ireland
Brain Test 2: Tricky Stories,1509517244
Block Craft 3D: Building Games,981633844
Decor Life - Home Design Game,1609970658
Nonogram.com Color: Logic Game,1516617231
Nuts & Bolts Woody Puzzle,puzzle.bolts.and.nuts.wood.woody
Rodeo Stampede: Sky Zoo Safari,1047961826
Cake Sort - Color Puzzle Game,6448392144
Screw Puzzle: Wood Nut & Bolt,6476347601
Cubes Control,1604731616
Hungry Shark Evolution,535500008
Jigsaw Puzzle,495583717
Goods Sorting: Match 3 Puzzle,6482849843
SoundCloud - Music & Audio,336353151
Traffic Run!,1434400630
"Tumblr ‚Äì Fandom, Art, Chaos",305343404
Word Wars: New Game With Words,1245525899
Word Trip - Word Puzzles Games,1214223596
Blockudoku: Block Puzzle Games,1452227871
Ultimate Guitar: Chords & Tabs,357828853
"FUT 21 Draft, Builder - FUTBIN",1080465358
Irish Independent News,335158729
Cricbuzz Cricket Scores & News,360466413
Sudoku: Sudoku Puzzles,1492978794
The Calculator,398129933
Word Collect Word Games Puzzle,1299956969
Meetup: Local groups & events,375990038
Number Sums - Numbers Game,6449427809
Dream Wedding!,1608947937
Dress Up Games - Fashion Show,1525505269
Nonogram.com - Griddlers Game,1452992954
Colorwood Sort Puzzle Game,6475673897
Solitaire ‚Äì Classic Card Games,1190849728
Word Connect ¬§,1226926872
BBO ‚Äì Bridge Base Online,529258853
VPN - Super Unlimited Proxy,1370293473
Traffic Puzzle,1471999779
„Éà„É™„Éû„ÄÄ„Éù„Ç§„É≥„Éà„Éª„ÅäÂ∞èÈÅ£„ÅÑ„Éª„Éù„Ç§Ê¥ª„Åô„Çã„Å™„Çâ„Éà„É™„Éû-ÁßªÂãï„Åô„Çã„Å†„Åë„Åß„Éù„Ç§„É≥„Éà„ÅåË≤Ø„Åæ„ÇãÁ©∂Ê•µ„ÅÆ„Éù„Ç§„É≥„Éà„Ç¢„Éó„É™,jp.co.incrementp.milemobile
Word Universe *,1639354550
IMVU: 3D Avatar Creator & Chat,919745844
My Perfect Hotel,1635760774
Match the Number - 2048 Game,6444154014
Braindoku: Sudoku Block Puzzle,1551787372
,nesn.com
,footballwarroom.com
,y99.in
,dogtime.com
,ye.opensooq.com
,audacy.com
,cardmaking-stuff.freeforums.net
,4pics1wordanswer.com
,6478590171
,untitled-boxing-game-roblox.fandom.com
,anoffgridlife.com
,thelabradorforum.com
,hell-let-loose-calculator.com
,badbatchbaking.com
,stolensheep.freeforums.net
,unlimited-tiles.com
,misstits.co
,6621190269
,shecookssheeats.co.uk
,starstat.yt
,1169805
,tenniscompanion.org
,amandacooksandstyles.com
,ramber.com
,offcampus.fandom.com
,planetnogomet.si
,southpawers.com
,entdecke-irland.com
,appetitesabroad.com
,thehealthy.com
,koaci.com
,theglutenfreeblogger.com
,alpineella.com
,1461045178
,neopets.com
,weseektravel.com
,windowsloop.com
,jaroslaw.naszemiasto.pl
,calculat.io
,mobile.flightview.com
,edclub.com
,tipsbulletin.com
,fnaf-sister-location.fandom.com
,the-husky-and-his-white-cat-shizun.fandom.com
,puzzles.bestforpuzzles.com
,thesmokingcuban.com
,kerrydalestreet.co.uk
,weightofstuff.com
,kitchenswagger.com
,chrysanthemumgarden.com
,wordscapescheat.com
,rigorousthemes.com
,musicca.com
,promotor.ro
,gunfirereborn.fandom.com
,helenabradbury.com
,thedizzycook.com
,foodnouveau.com
,umamigirl.com
,247mahjong.com
,mysaucerecipes.com
,izzygames.com
,6parknews.com
,m-hindi.webdunia.com
,beyondfrosting.com
,mahjong.com
,chicago.suntimes.com
,premierview.proboards.com
,6park.com
,typing.com
,krumpli.co.uk
,sweetestmenu.com
,fluentslang.com
,shelovesbiscotti.com
,cosmicbook.news
,liveeatlearn.com
,culinaryschools.org
,eflanalysis.com
,arsenal-mania.com
,klix.ba
,patientgardener.co.uk
,video.rainberrytv.com
,villatalk.com
,sg.mail.yahoo.com
,online-solitaire.com
,ghpage.com
,picklebums.com
,theflashpacker.net
,surviving-the-game-as-a-barbarian.fandom.com
,leaderlive.co.uk
,eu.delawareonline.com
,looperman.com
,may4bewithyou.com
,apaigeofpositivity.com
,saihate-station.fandom.com
,fawslfulltime.co.uk
,luxedreamer.com
,arealme.com
,zeno.fm
,publicholidays.de
,playswellwithbutter.com
,baeldung.com
,scratchpad.fandom.com
,la.lv
,tools.pdf24.org
,dailymotion.com
,chuggington.fandom.com
,poki.com
,balatrogame.fandom.com
,mail.yahoo.com
,cardgames.io
,asdfmovie.fandom.com
,timesnownews.com
,carolinescooking.com
,goodisonnews.com
,256567
,coolmathgames.com
,pimylifeup.com
,solitairebliss.com
,noblepig.com
,therecipecritic.com
,silkroadrecipes.com
,followfollow.com
,forkinthekitchen.com
,farmersgirlkitchen.co.uk
,vogue.gr
,nyheter24.se
,6741679284
,bubbleshooter.com
,forebears.io
,msn.com
,ua.korrespondent.net
,radiopaedia.org
,bonnibakery.com
,kotaku.com
,supremevaluelist.com
,emojipedia.org
,paltalk.com
,stockhouse.com
,almostginger.com
,gmx.com
,caravantalk.co.uk
,spurs-web.com
,online-stopwatch.com
,screengeek.net
,kyivpost.com
,londonworld.com
,therealchamps.com
,bestiefy.com
,thecryptobasic.com
,gpsvisualizer.com
,clarin.com
,romaniatv.net
,1136580
,stirileprotv.ro
,sugargeekshow.com
,radio-ireland.com
,gandul.ro
,tideschart.com
,pokecardmaker.net
,theloopywhisk.com
,fortnite.fandom.com
,nuts.sort.bolts.nut.color.game.free.screw.puzzle
,ilovecooking.ie
,zonacero.com
,accuweather.com
,cnnportugal.iol.pt
,automobile-catalog.com
,test-english.com
,fanatik.ro
,typingtest.com
,diainternacionalde.com
,usnews.com
,crazygames.com
,americansongwriter.com
,footballleagueworld.co.uk
,britishbakingrecipes.co.uk
,iomtoday.co.im
,cookingwithayeh.com
,onekindesign.com
,dronexl.co
,hammers.news
,247freepoker.com
,twistedsifter.com
,astrakforums.co.uk
,makeitmeme.com
,sports.yahoo.com
,tottenhamhotspurnews.com
,alfaowner.com
,prima.co.uk
,finance.yahoo.com
,tibia.fandom.com
,momontimeout.com
,francais.lingolia.com
,rd.com
,health.com
,rtp.pt
,yorkshireeveningpost.co.uk
,astonvillanews.co.uk
,percolately.com
,cancan.ro
,rallyjournal.com
,chess.com
,coinvaluechecker.com
,donateearn.com
,melanie-martinez.fandom.com
,tbsnews.net
,capology.com
,cmjornal.pt
,destructoid.com
,newrecruit.eu
,chunkbase.com
,leedsunited.news
,mtgrocks.com
,contexto.me
,windowsreport.com
,publico.pt
,molineux.news
,glasgowtimes.co.uk
,lexusownersclub.co.uk
,op.gg
,pets4homes.co.uk
,azlyrics.com
,personality-database.com
,vogue.co.uk
,buzzfeed.com
,marketwatch.com
,wired.com
,derbytelegraph.co.uk
,solo-leveling.fandom.com
,cyclinguptodate.com
,programiz.com
,quizlet.com
,theburntbuttertable.com
,sportske.jutarnji.hr
,mygolfspy.com
,wetterzentrale.de
,miniplay.com
,hotcars.com
,crosswordsolver.com
,citethisforme.com
,randomsaladgames.pubfinity.com
,cornwalllive.com
,eatthis.com
,theflavorbender.com
,rozrywka.o2.pl
,si.com
,mail.com
,insideevs.com
,w3schools.com
,thevessel.io
,fleetnews.co.uk
,yahoo.com
,weather.com
,aternos.org
,loudersound.com
,carbuzz.com
,bakingwithgranny.co.uk
,guitarplayer.com
,housedigest.com
,cntraveller.com
,67hailhail.com
,b.fast-stories.com
,osxdaily.com
,sportskeeda.com
,kumb.com
,stokesentinel.co.uk
,bridgebase.com
,par3nearme.com
,faroutmagazine.co.uk
,blic.rs
,ojogo.pt
,richup.io
,fitandwell.com
,thedivision.fandom.com
,akasha.cv
,en.uesp.net
,wafflegame.net
,tasty.co
,areanapoli.it
,laptopmag.com
,the-race.com
,uk.yahoo.com
,newsweek.com
,juliasalbum.com
,daveockop.com
,beebom.com
,marieclaire.com
,pemplay.com
,raider.io
,battlemetrics.com
,glutenfreecuppatea.co.uk
,collider.com
,slaskie.eska.pl
,destinationlesstravel.com
,simpleflying.com
,planetfootball.com
,trueachievements.com
,worldometers.info
,justarsenal.com
,tribal-talk.proboards.com
,sprzedajemy.pl
,valheim.fandom.com
,bournemouthecho.co.uk
,thepeoplesperson.com
,teamtalk.com
,anagrammer.com
,namemc.com
,at.wetter.com
,vetob.com
,football.fr
,leagueoflegends.fandom.com
,tuwroclaw.com
,thegolfinggazette.com
,mensjournal.com
,scotsman.com
,eatingwell.com
,babycentre.co.uk
,howtotrainyourdragon.fandom.com
,thecountrycook.net
,livescience.com
,nexusmods.com
,whatculture.com
,prosettings.net
,realsimple.com
,thesaurus.com
,gbatemp.net
,salon.com
,tuttojuve.com
,westhamzone.com
,nerdlegame.com
,armyrecognition.com
,euronews.com
,deadline.com
,rolimons.com
,myfitnesspal.com
,nypost.com
,and.lihuhu.findmatch
,vsco.co
,indiandefencereview.com
,topspeed.com
,tastesbetterfromscratch.com
,womanandhome.com
,thecelticblog.com
,footballinsider247.com
,androidauthority.com
,rousingthekop.com
,radiotimes.com
,aviewfrommyseat.com
,cheezburger.com
,thetimes.com
,globle-game.com
,traveloffpath.com
,pushsquare.com
,skysports.com
,anfieldwatch.co.uk
,shieldsgazette.com
,autosport.com
,lastwordonsports.com
,pysznosci.pl
,football365.com
,butterwithasideofbread.com
,violanews.com
,huffpost.com
,stiripesurse.ro
,collinsdictionary.com
,thisisanfield.com
,imgur.com
,globe.adsbexchange.com
,wemod.com
,ultimate-guitar.com
,swissmom.ch
,telegraph.co.uk
,backtothebay.net
,cbr.com
,tvn24.pl
,espinof.com
,thetakeout.com
,dailycannon.com
,eu.livesport.flashscore_com
,lse.co.uk
,b1tv.ro
,liquipedia.net
,a-z-animals.com
,aljazeera.com
,thetennisgazette.com
,bakinghermann.com
,sportsport.ba
,tomsguide.com
,dpreview.com
,droom.sleepifucan
,sciencealert.com
,nintendo.fandom.com
,wrestlezone.com
,fut.gg
,southernstar.ie
,apost.com
,britannica.com
,cronista.com
,overframe.gg
,road.cc
,twz.com
,noizz.pl
,megamitensei.fandom.com
,thefullhelping.com
,adverts.ie
,eat.de
,wheresthematch.com
,rhymezone.com
,supercarblondie.com
,neurosciencenews.com
,tide-forecast.com
,closet.match.pair.matching.games
,knowyourmeme.com
,carnovels.com
,claretandhugh.info
,strategywiki.org
,talksport.com
,deepwoken.fandom.com
,musescore.com
,parenthood.fandom.com
,seoghoer.dk
,metacritic.com
,glasgowlive.co.uk
,pagesix.com
,metro.co.uk
,solitaired.com
,movieweb.com
,ladepeche.fr
,cumbriacrack.com
,royalcaribbeanblog.com
,in.playsimple.jigsaw_puzzle
,index.hr
,9gag.com
,tamingtwins.com
,tracker.gg
,picrew.me
,kprofiles.com
,tipperarylive.ie
,news.ohmymag.co.uk
,garminrumors.com
,peaky-blinders.fandom.com
,byrdie.com
,armaghi.com
,powerrangers.fandom.com
,theconsciousplantkitchen.com
,pockettactics.com
,thetarotguide.com
,bristolpost.co.uk
,oxfordmail.co.uk
,upworthy.com
,pinkun.com
,leitrimobserver.ie
,bandle.app
,polsatnews.pl
,mobalytics.gg
,growerexperts.com
,healthyfitnessmeals.com
,black-family.fandom.com
,offalyexpress.ie
,eldenring.wiki.fextralife.com
,directsharing.com
,dc.fandom.com
,reuters.com
,delish.com
,islands.com
,gazetaprawna.pl
,irishstar.com
,inspiredtaste.net
,onlineradiobox.com
,balls.ie
,planetrugby.com
,menshealth.com
,brawlstars.fandom.com
,unitedinfocus.com
,downatthemac.proboards.com
,mondaymandala.com
,golfmonthly.com
,bloodborne.wiki.fextralife.com
,mapgenie.io
,tdeecalculator.net
,beta.doublecounter.gg
,echolive.ie
,ukulele-tabs.com
,uniladtech.com
,time.is
,dictionary.cambridge.org
,carsized.com
,cronometer.com
,bbcgoodfood.com
,gamingbible.com
,gloucestershirelive.co.uk
,journeyera.com
,anitalianinmykitchen.com
,xda-developers.com
,whathifi.com
,journee-mondiale.com
,find.difference.spot.differences.hidden.puzzle.games.free
,bunkered.co.uk
,racingnews365.com
,boredpanda.com
,breakingnews.ie
,deltiasgaming.com
,idealhome.co.uk
,brightside.me
,moviedelic.com
,cas.sk
,growagarden.fandom.com
,oliveandmango.com
,genius.com
,20minutes.fr
,the-sun.com
,videocardz.com
,goonernews.com
,dailystar.co.uk
,onceuponachef.com
,3dvf.com
,scientificallysweet.com
,mapy.in-pocasi.cz
,livemint.com
,spendwithpennies.com
,theboltonnews.co.uk
,hellomagazine.com
,g15147002586
,charlotteslivelykitchen.com
,timesofindia.indiatimes.com
,myabandonware.com
,bustimes.org
,ew.com
,morgenpost.de
,harmonies.io
,actu.fr
,terminator.fandom.com
,walkingdead.fandom.com
,digitalspy.com
,feastingathome.com
,netmums.com
,emojicombos.com
,viva.ro
,gamerant.com
,gamesradar.com
,top.gg
,leinsterexpress.ie
,liverpool.com
,redcafe.net
,ok.co.uk
,conexo.ws
,scp-wiki.wikidot.com
,alternatech.net
,bloodyelbow.com
,thesimsresource.com
,mirror.co.uk
,nottinghampost.com
,escapefromtarkov.fandom.com
,wikihow.com
,ign.com
,eldenringnightreign.wiki.fextralife.com
,nightlight.gg
,wunderground.com
,glamourmagazine.co.uk
,donegaldaily.com
,pwmania.com
,ranker.com
,en.pronouns.page
,lavoixdunord.fr
,meteologix.com
,merkur.de
,6443484197
,motorsport.com
,sudoku.com
,theblast.com
,rmc.bfmtv.com
,ireland-live.ie
,usmagazine.com
,vampire-survivors.fandom.com
,battle-cats.fandom.com
,skyscrapercity.com
,jp.fourm.slapbeat
,sudouest.fr
,nhltraderumors.me
,poemanalysis.com
,celtsarehere.com
,bandsintown.com
,dailypositiveinfo.com
,comicbook.com
,irishmirror.ie
,screw.puzzle.match3.brain.puzz
,io.supercent.downhill
,jalopnik.com
,edp24.co.uk
,tryhardguides.com
,growforagecookferment.com
,lmfm.ie
,kildarenow.com
,kilkennypeople.ie
,polygon.com
,heatworld.com
,unilad.com
,extratime.com
,dasi.prs2.lumberchopper
,prevention.com
,vegrecipesofindia.com
,6475177029
,esquire.com
,pcgamer.com
,free-spider-solitaire.com
,the-digital-picture.com
,insidetherustickitchen.com
,jamilacuisine.ro
,honkai-star-rail.fandom.com
,474301
,dilei.it
,geeksided.com
,rugby-addict.com
,laligaexpert.com
,thetipsyhousewife.org
,indianhealthyrecipes.com
,corkbeo.ie
,marcandangel.com
,lipstickalley.com
,livescore.com
,warringtonguardian.co.uk
,33bridges.com
,sport.es
,plex
,news18.com
,futurism.com
,sundayworld.com
,einthusan.tv
,runrepeat.com
,celticnewsnow.com
,spiritualify.org
,radio-uk.co.uk
,nintendolife.com
,bg3.wiki
,6738948332
,tvguide.co.uk
,entertainmentdaily.com
,freejupiter.com
,beatthebudget.com
,thesmackdownhotel.com
,6742221896
,autotrader.ca
,galwaybeo.ie
,6569242631
,carlowlive.ie
,benchwarmers.ie
,gpblog.com
,the-crossword-solver.com
,reservoirdubs.com
,quiz-universe.com
,eska.pl
,thetab.com
,mapchart.net
,cheshire-live.co.uk
,foodiecrush.com
,entrenous.fr
,yummytoddlerfood.com
,wordsaladanswers.com
,247solitaire.com
,madewithlau.com
,someecards.com
,chelsweets.com
,macrumors.com
,boxing247.com
,dailymail.co.uk
,sleek-chic.co.uk
,1661095183
,legacy.com
,portsmouth.co.uk
,ecoticias.com
,webmd.com
,drivemehungry.com
,ben10.fandom.com
,6733244789
,sportpirate.com
,justjared.com
,dishedbykate.com
,cakesbymk.com
,dundalkdemocrat.ie
,awellstyledlife.com
,ball.sort.color.puz.game.puzzle
,boxingnews24.com
,6504332779
,patient.info
,96fm.ie
,glamour.de
,zeldadungeon.net
,historica.fandom.com
,thenarcissisticlife.com
,estadiodeportivo.com
,espncricinfo.com
,rudebaguette.com
,trucoshogarjardin.com
,mykidslickthebowl.com
,nltimes.nl
,elnacional.cat
,menstennisforums.com
,up4544-cusa01850_00-plex000000000000
,6689516283
,6737854991
,6738347014
,pinchofyum.com
,thelayoff.com
,themuse.com
,idnes.cz
,glutenfreealchemist.com
,cruisemummy.co.uk
,wellplated.com
,laurafuentes.com
,larusworld.com
,fatcalc.com
,oldhousesunder50k.com
,iankewks.com
,6511238101
,6737214802
,simplypsychology.org
,6478645207
,vafo.dk
,letsrun.com
,saltnpepperhere.com
,en.m.uesp.net
,grandorder.gamepress.gg
,icebike.org
,wiki.sportskeeda.com
,acrochetedsimplicity.com
,moderngentlemanmagazine.com
,iambaker.net
,familyplanting.com
,pilgrammed-rblx.fandom.com
,kawalingpinoy.com
,roomfortuesday.com
,larderlove.com
,farcry.fandom.com
,talesfromthekitchenshed.com
,runbundle.com
,demilked.com
,forums.whathifi.com
,twopeasandtheirpod.com
,bigsoccer.com
,flavornest.net
,en.camperscaravans.nl
,nosweatshakespeare.com
,ekspresjaroslawski.pl
,kstp.com
,scottishscran.com
,411mania.com
,6547858927
,sports.ndtv.com
,modernhoney.com
,crosswordanswers911.net
,b098phdkv7
,golssip.it
,flightradar24.com
,sabrinacurrie.com
,crazydaysandnights.net
,6654896977
,boingboing.net
,6742222069
,6505066374
,justamumnz.com
,humorliving.com
,desperatehousewives.fandom.com
,poppy-playtime.fandom.com
,onedishkitchen.com
,daisycottagedesigns.net
,6742187405
,instantbuzz.net
,pupswithchopsticks.com
,petmaximalist.com
,6479971966
,bytheforkful.com
,6502757545
,dofuswiki.fandom.com
,moodymixologist.com
,batesmotel.fandom.com
,jennasuedesign.com
,395972146
,heygrillhey.com
,state.countryballs.dictators.io
,bloomingbackyard.com
,961576733
,holycowvegan.net
,mercurynews.com
,cookingwithjanica.com
,rachlmansfield.com
,adventurouskate.com
,babyledfeeding.com
,drama.kapook.com
,jimpix.co.uk
,japan.recipetineats.com
,tamil.oneindia.com
,officialfan.proboards.com
,nickstory.fandom.com
,kuchpakrahahai.in
,labyrinth.fandom.com
,making-the-team.fandom.com
,6670743431
,socratic-method.com
,6475162035
,telugu.oneindia.com
,somethingaboutsandwiches.com
,acraftymix.com
,ihugdogs.com
,vroomaga.com
,om.opensooq.com
,1349245161
,walesonline.co.uk
,nasdaq.com
,celebitchy.com
,as.com
,calculatorsoup.com
,design-milk.com
,broncoswire.usatoday.com
,manchestereveningnews.co.uk
,pwinsider.com
,timesofisrael.com
,javatpoint.com
,vintag.es
,globes.co.il
,carolinevencil.com
,hulldailymail.co.uk
,lefigaro.fr
,money.pl
,pudelek.pl
,gumtree.co.za
,dreamalittlebigger.com
,survivingthestores.com
,bucswire.usatoday.com
,futura-sciences.com
,com.europosit.pixelcoloring
,306310789
,545993260
,com.badoo.mobile
,HATIVE.COM
,BUYTHISCOOKTHAT.COM
,CADRYSKITCHEN.COM
,DRKARENSLEE.COM
,FIFTEENSPATULAS.COM
,FUSSFREEFLAVOURS.COM
,HANDLUGGAGEONLY.CO.UK
,IKNEADTOEAT.COM
,JERKYHOLIC.COM
,NIRVANACAKERY.COM
,VEGANHUGGS.COM
,makethebestofeverything.com
,352969997
,cardswire.usatoday.com
,chiefswire.usatoday.com
,vikingswire.usatoday.com
,nothingbutnewcastle.com
,lionswire.usatoday.com
,marlameridith.com
,playtech.ro
,484672289
,com.tinder
,strawpoll.com
,thecrazyorganizedblog.com
,easyrecipedepot.com
,realitytitbit.com
,vloggerpro.com
,chepstowbeacon.co.uk
,buckeyeswire.usatoday.com
,mmajunkie.usatoday.com
,easyfamilyrecipeideas.com
,golfweek.usatoday.com
,dreamystays.com
,trendymatter.com
,goodhomeautomation.com
,thehouseoffancy.com
,excellenttown.com
,millersguild.com
,sneakerfortress.com